{"cameraMode":{"drawMode":0,"name":"Shaded","section":"Shading Mode"},"sceneLighting":true,"audioPlay":false,"sceneViewState":{"showFog":true,"showMaterialUpdate":false,"showSkybox":true,"showFlares":true,"showImageEffects":true,"showParticleSystems":true},"in2DMode":false,"pivot":{"x":2.384185791015625e-7,"y":0.0,"z":-4.76837158203125e-7},"rotation":{"x":-0.21249884366989137,"y":-0.07700835913419724,"z":0.016803544014692308,"w":-0.9739818572998047},"size":5.664252758026123,"orthographic":false}